{
    "name": "root",
    "gauges": {
        "SticksBot.Policy.Entropy.mean": {
            "value": 0.10150767117738724,
            "min": 0.10150767117738724,
            "max": 0.7416395545005798,
            "count": 22
        },
        "SticksBot.Policy.Entropy.sum": {
            "value": 3052.74169921875,
            "min": 3052.74169921875,
            "max": 22253.63671875,
            "count": 22
        },
        "SticksBot.Environment.EpisodeLength.mean": {
            "value": 628.2083333333334,
            "min": 24.5587734241908,
            "max": 1419.9166666666667,
            "count": 22
        },
        "SticksBot.Environment.EpisodeLength.sum": {
            "value": 30154.0,
            "min": 25164.0,
            "max": 34078.0,
            "count": 22
        },
        "SticksBot.Self-play.ELO.mean": {
            "value": 42.06031326002644,
            "min": 42.06031326002644,
            "max": 908.7654355895373,
            "count": 22
        },
        "SticksBot.Self-play.ELO.sum": {
            "value": 2018.895036481269,
            "min": 1418.1165086114788,
            "max": 1066890.6213821168,
            "count": 22
        },
        "SticksBot.Step.mean": {
            "value": 659986.0,
            "min": 29958.0,
            "max": 659986.0,
            "count": 22
        },
        "SticksBot.Step.sum": {
            "value": 659986.0,
            "min": 29958.0,
            "max": 659986.0,
            "count": 22
        },
        "SticksBot.Policy.ExtrinsicValueEstimate.mean": {
            "value": 1.9867101907730103,
            "min": 0.14607423543930054,
            "max": 2.178095817565918,
            "count": 22
        },
        "SticksBot.Policy.ExtrinsicValueEstimate.sum": {
            "value": 987.3949584960938,
            "min": 182.73886108398438,
            "max": 1052.020263671875,
            "count": 22
        },
        "SticksBot.Environment.CumulativeReward.mean": {
            "value": 14.565624991431832,
            "min": 0.32178175397287145,
            "max": 28.749999875823658,
            "count": 22
        },
        "SticksBot.Environment.CumulativeReward.sum": {
            "value": 699.149999588728,
            "min": 377.4499974101782,
            "max": 714.3499995917082,
            "count": 22
        },
        "SticksBot.Policy.ExtrinsicReward.mean": {
            "value": 14.565624991431832,
            "min": 0.32178175397287145,
            "max": 28.749999875823658,
            "count": 22
        },
        "SticksBot.Policy.ExtrinsicReward.sum": {
            "value": 699.149999588728,
            "min": 377.4499974101782,
            "max": 714.3499995917082,
            "count": 22
        },
        "SticksBot.Losses.PolicyLoss.mean": {
            "value": 0.06643140307213154,
            "min": 0.0638862250634702,
            "max": 0.07273145352470436,
            "count": 22
        },
        "SticksBot.Losses.PolicyLoss.sum": {
            "value": 0.9300396430098415,
            "min": 0.8944071508885828,
            "max": 1.0409677548644443,
            "count": 22
        },
        "SticksBot.Losses.ValueLoss.mean": {
            "value": 0.12123370360542629,
            "min": 0.04421846226854927,
            "max": 0.34292965300292483,
            "count": 22
        },
        "SticksBot.Losses.ValueLoss.sum": {
            "value": 1.697271850475968,
            "min": 0.6190584717596899,
            "max": 4.8010151420409475,
            "count": 22
        },
        "SticksBot.Policy.LearningRate.mean": {
            "value": 1.3573936745227514e-05,
            "min": 1.3573936745227514e-05,
            "max": 0.0002930812721475132,
            "count": 22
        },
        "SticksBot.Policy.LearningRate.sum": {
            "value": 0.0001900351144331852,
            "min": 0.0001900351144331852,
            "max": 0.004103137810065185,
            "count": 22
        },
        "SticksBot.Policy.Epsilon.mean": {
            "value": 0.10452461375661377,
            "min": 0.10452461375661377,
            "max": 0.1976937566137566,
            "count": 22
        },
        "SticksBot.Policy.Epsilon.sum": {
            "value": 1.4633445925925928,
            "min": 1.4633445925925928,
            "max": 2.8326097777777774,
            "count": 22
        },
        "SticksBot.Policy.Beta.mean": {
            "value": 0.0002357782264550265,
            "min": 0.0002357782264550265,
            "max": 0.004884918455026455,
            "count": 22
        },
        "SticksBot.Policy.Beta.sum": {
            "value": 0.003300895170370371,
            "min": 0.003300895170370371,
            "max": 0.06838885837037037,
            "count": 22
        },
        "SticksBot.IsTraining.mean": {
            "value": 1.0,
            "min": 1.0,
            "max": 1.0,
            "count": 22
        },
        "SticksBot.IsTraining.sum": {
            "value": 1.0,
            "min": 1.0,
            "max": 1.0,
            "count": 22
        }
    },
    "metadata": {
        "timer_format_version": "0.1.0",
        "start_time_seconds": "1779208484",
        "python_version": "3.10.12 | packaged by Anaconda, Inc. | (main, Jul  5 2023, 19:01:18) [MSC v.1916 64 bit (AMD64)]",
        "command_line_arguments": "C:\\Users\\mcsto\\anaconda3\\envs\\mlagents\\Scripts\\mlagents-learn sticks_min_15.yaml --run-id=SticksFiftMin(2)_1 --force",
        "mlagents_version": "1.1.0",
        "mlagents_envs_version": "1.1.0",
        "communication_protocol_version": "1.5.0",
        "pytorch_version": "2.2.2+cu121",
        "numpy_version": "1.23.5",
        "end_time_seconds": "1779209333"
    },
    "total": 849.4147259999881,
    "count": 1,
    "self": 0.005948999954853207,
    "children": {
        "run_training.setup": {
            "total": 0.07904240000061691,
            "count": 1,
            "self": 0.07904240000061691
        },
        "TrainerController.start_learning": {
            "total": 849.3297346000327,
            "count": 1,
            "self": 3.342633393534925,
            "children": {
                "TrainerController._reset_env": {
                    "total": 8.37273050006479,
                    "count": 7,
                    "self": 8.37273050006479
                },
                "TrainerController.advance": {
                    "total": 837.5725862064282,
                    "count": 337539,
                    "self": 3.07404508756008,
                    "children": {
                        "env_step": {
                            "total": 668.9014032059931,
                            "count": 337539,
                            "self": 503.40293048339663,
                            "children": {
                                "SubprocessEnvManager._take_step": {
                                    "total": 163.24874090316007,
                                    "count": 337539,
                                    "self": 8.740133015206084,
                                    "children": {
                                        "TorchPolicy.evaluate": {
                                            "total": 154.50860788795399,
                                            "count": 337539,
                                            "self": 154.50860788795399
                                        }
                                    }
                                },
                                "workers": {
                                    "total": 2.2497318194364198,
                                    "count": 337539,
                                    "self": 0.0,
                                    "children": {
                                        "worker_root": {
                                            "total": 836.937812500284,
                                            "count": 337539,
                                            "is_parallel": true,