{
    "name": "root",
    "gauges": {
        "SticksBot.Policy.Entropy.mean": {
            "value": 0.17769302427768707,
            "min": 0.17769302427768707,
            "max": 0.7611788511276245,
            "count": 22
        },
        "SticksBot.Policy.Entropy.sum": {
            "value": 5313.021484375,
            "min": 5313.021484375,
            "max": 22871.90234375,
            "count": 22
        },
        "SticksBot.Environment.EpisodeLength.mean": {
            "value": 360.06976744186045,
            "min": 30.428571428571427,
            "max": 471.78125,
            "count": 22
        },
        "SticksBot.Environment.EpisodeLength.sum": {
            "value": 30966.0,
            "min": 27758.0,
            "max": 31944.0,
            "count": 22
        },
        "SticksBot.Self-play.ELO.mean": {
            "value": 8.34785406270418,
            "min": 8.34785406270418,
            "max": 963.2109501890037,
            "count": 22
        },
        "SticksBot.Self-play.ELO.sum": {
            "value": 717.9154493925595,
            "min": 673.6023985144085,
            "max": 916976.8245799316,
            "count": 22
        },
        "SticksBot.Step.mean": {
            "value": 659981.0,
            "min": 29984.0,
            "max": 659981.0,
            "count": 22
        },
        "SticksBot.Step.sum": {
            "value": 659981.0,
            "min": 29984.0,
            "max": 659981.0,
            "count": 22
        },
        "SticksBot.Policy.ExtrinsicValueEstimate.mean": {
            "value": 2.3903186321258545,
            "min": 0.22709384560585022,
            "max": 2.4603521823883057,
            "count": 22
        },
        "SticksBot.Policy.ExtrinsicValueEstimate.sum": {
            "value": 1231.0140380859375,
            "min": 241.4007568359375,
            "max": 1247.3985595703125,
            "count": 22
        },
        "SticksBot.Environment.CumulativeReward.mean": {
            "value": 10.974117626512752,
            "min": 0.3709033588964899,
            "max": 14.408593683037907,
            "count": 22
        },
        "SticksBot.Environment.CumulativeReward.sum": {
            "value": 932.7999982535839,
            "min": 353.0999976694584,
            "max": 932.7999982535839,
            "count": 22
        },
        "SticksBot.Policy.ExtrinsicReward.mean": {
            "value": 10.974117626512752,
            "min": 0.3709033588964899,
            "max": 14.408593683037907,
            "count": 22
        },
        "SticksBot.Policy.ExtrinsicReward.sum": {
            "value": 932.7999982535839,
            "min": 353.0999976694584,
            "max": 932.7999982535839,
            "count": 22
        },
        "SticksBot.Losses.PolicyLoss.mean": {
            "value": 0.0732652585106229,
            "min": 0.06439777185504698,
            "max": 0.0732652585106229,
            "count": 22
        },
        "SticksBot.Losses.PolicyLoss.sum": {
            "value": 1.0989788776593437,
            "min": 0.9015688059706578,
            "max": 1.0989788776593437,
            "count": 22
        },
        "SticksBot.Losses.ValueLoss.mean": {
            "value": 0.18749604348558932,
            "min": 0.14348128763958812,
            "max": 0.29131438365827006,
            "count": 22
        },
        "SticksBot.Losses.ValueLoss.sum": {
            "value": 2.81244065228384,
            "min": 2.0087380269542336,
            "max": 4.078401371215781,
            "count": 22
        },
        "SticksBot.Policy.LearningRate.mean": {
            "value": 1.3363710360276544e-05,
            "min": 1.3363710360276544e-05,
            "max": 0.000293064002312,
            "count": 22
        },
        "SticksBot.Policy.LearningRate.sum": {
            "value": 0.00020045565540414815,
            "min": 0.00020045565540414815,
            "max": 0.004102896032368,
            "count": 22
        },
        "SticksBot.Policy.Epsilon.mean": {
            "value": 0.10445453827160493,
            "min": 0.10445453827160493,
            "max": 0.19768800000000003,
            "count": 22
        },
        "SticksBot.Policy.Epsilon.sum": {
            "value": 1.566818074074074,
            "min": 1.5257386666666668,
            "max": 2.7676320000000003,
            "count": 22
        },
        "SticksBot.Policy.Beta.mean": {
            "value": 0.00023228145975308644,
            "min": 0.00023228145975308644,
            "max": 0.0048846312000000005,
            "count": 22
        },
        "SticksBot.Policy.Beta.sum": {
            "value": 0.0034842218962962967,
            "min": 0.0034842218962962967,
            "max": 0.0683848368,
            "count": 22
        },
        "SticksBot.IsTraining.mean": {
            "value": 1.0,
            "min": 1.0,
            "max": 1.0,
            "count": 22
        },
        "SticksBot.IsTraining.sum": {
            "value": 1.0,
            "min": 1.0,
            "max": 1.0,
            "count": 22
        }
    },
    "metadata": {
        "timer_format_version": "0.1.0",
        "start_time_seconds": "1779209484",
        "python_version": "3.10.12 | packaged by Anaconda, Inc. | (main, Jul  5 2023, 19:01:18) [MSC v.1916 64 bit (AMD64)]",
        "command_line_arguments": "C:\\Users\\mcsto\\anaconda3\\envs\\mlagents\\Scripts\\mlagents-learn sticks_min_15.yaml --run-id=SticksFiftMin(2)_2",
        "mlagents_version": "1.1.0",
        "mlagents_envs_version": "1.1.0",
        "communication_protocol_version": "1.5.0",
        "pytorch_version": "2.2.2+cu121",
        "numpy_version": "1.23.5",
        "end_time_seconds": "1779210336"
    },
    "total": 851.6502322999877,
    "count": 1,
    "self": 0.006203700031619519,
    "children": {
        "run_training.setup": {
            "total": 0.07492699997965246,
            "count": 1,
            "self": 0.07492699997965246
        },
        "TrainerController.start_learning": {
            "total": 851.5691015999764,
            "count": 1,
            "self": 3.420396097120829,
            "children": {
                "TrainerController._reset_env": {
                    "total": 8.95400739996694,
                    "count": 7,
                    "self": 8.95400739996694
                },
                "TrainerController.advance": {
                    "total": 839.1537839028751,
                    "count": 337530,
                    "self": 3.150853519910015,
                    "children": {
                        "env_step": {
                            "total": 668.2002542981645,
                            "count": 337530,
                            "self": 500.96541449130746,
                            "children": {
                                "SubprocessEnvManager._take_step": {
                                    "total": 164.96372360229725,
                                    "count": 337530,
                                    "self": 8.729541903769132,
                                    "children": {
                                        "TorchPolicy.evaluate": {
                                            "total": 156.23418169852812,
                                            "count": 337530,
                                            "self": 156.23418169852812
                                        }
                                    }
                                },
                                "workers": {
                                    "total": 2.271116204559803,
                                    "count": 337530,
                                    "self": 0.0,
                                    "children": {
                                        "worker_root": {
                                            "total": 838.8341619929415,
                                            "count": 337530,
                                            "is_parallel": true,