{
    "name": "root",
    "gauges": {
        "SticksBot.Policy.Entropy.mean": {
            "value": 0.13549698889255524,
            "min": 0.06283509731292725,
            "max": 0.7518498301506042,
            "count": 22
        },
        "SticksBot.Policy.Entropy.sum": {
            "value": 4058.40576171875,
            "min": 1882.036865234375,
            "max": 22647.220703125,
            "count": 22
        },
        "SticksBot.Environment.EpisodeLength.mean": {
            "value": 13783.0,
            "min": 28.120388349514563,
            "max": 26637.0,
            "count": 12
        },
        "SticksBot.Environment.EpisodeLength.sum": {
            "value": 27566.0,
            "min": 18730.0,
            "max": 53274.0,
            "count": 12
        },
        "SticksBot.Self-play.ELO.mean": {
            "value": 156.79336075774305,
            "min": 156.79336075774305,
            "max": 944.0274829199899,
            "count": 12
        },
        "SticksBot.Self-play.ELO.sum": {
            "value": 313.5867215154861,
            "min": 313.5867215154861,
            "max": 972348.3074075896,
            "count": 12
        },
        "SticksBot.Step.mean": {
            "value": 659948.0,
            "min": 29994.0,
            "max": 659948.0,
            "count": 22
        },
        "SticksBot.Step.sum": {
            "value": 659948.0,
            "min": 29994.0,
            "max": 659948.0,
            "count": 22
        },
        "SticksBot.Policy.ExtrinsicValueEstimate.mean": {
            "value": 3.0789711475372314,
            "min": 0.3733733594417572,
            "max": 3.4520370960235596,
            "count": 22
        },
        "SticksBot.Policy.ExtrinsicValueEstimate.sum": {
            "value": 1440.95849609375,
            "min": 428.63262939453125,
            "max": 1619.00537109375,
            "count": 22
        },
        "SticksBot.Environment.CumulativeReward.mean": {
            "value": 471.875,
            "min": 0.4521844660194175,
            "max": 914.0,
            "count": 12
        },
        "SticksBot.Environment.CumulativeReward.sum": {
            "value": 943.75,
            "min": 465.75,
            "max": 1828.0,
            "count": 12
        },
        "SticksBot.Policy.ExtrinsicReward.mean": {
            "value": 471.875,
            "min": 0.4521844660194175,
            "max": 914.0,
            "count": 12
        },
        "SticksBot.Policy.ExtrinsicReward.sum": {
            "value": 943.75,
            "min": 465.75,
            "max": 1828.0,
            "count": 12
        },
        "SticksBot.Losses.PolicyLoss.mean": {
            "value": 0.07395070521926526,
            "min": 0.06388015903026897,
            "max": 0.07395070521926526,
            "count": 22
        },
        "SticksBot.Losses.PolicyLoss.sum": {
            "value": 0.9613591678504484,
            "min": 0.8644349298670467,
            "max": 1.0041573804143507,
            "count": 22
        },
        "SticksBot.Losses.ValueLoss.mean": {
            "value": 0.03759738117973369,
            "min": 0.03759738117973369,
            "max": 0.30474006825880634,
            "count": 22
        },
        "SticksBot.Losses.ValueLoss.sum": {
            "value": 0.488765955336538,
            "min": 0.488765955336538,
            "max": 4.266360955623289,
            "count": 22
        },
        "SticksBot.Policy.LearningRate.mean": {
            "value": 1.3317428894222217e-05,
            "min": 1.3317428894222217e-05,
            "max": 0.0002930794308782857,
            "count": 22
        },
        "SticksBot.Policy.LearningRate.sum": {
            "value": 0.00017312657562488883,
            "min": 0.00017312657562488883,
            "max": 0.004103112032296,
            "count": 22
        },
        "SticksBot.Policy.Epsilon.mean": {
            "value": 0.10443911111111112,
            "min": 0.10443911111111112,
            "max": 0.1976931428571429,
            "count": 22
        },
        "SticksBot.Policy.Epsilon.sum": {
            "value": 1.3577084444444445,
            "min": 1.3577084444444445,
            "max": 2.7677040000000006,
            "count": 22
        },
        "SticksBot.Policy.Beta.mean": {
            "value": 0.00023151164444444448,
            "min": 0.00023151164444444448,
            "max": 0.0048848878285714286,
            "count": 22
        },
        "SticksBot.Policy.Beta.sum": {
            "value": 0.003009651377777778,
            "min": 0.003009651377777778,
            "max": 0.0683884296,
            "count": 22
        },
        "SticksBot.IsTraining.mean": {
            "value": 1.0,
            "min": 1.0,
            "max": 1.0,
            "count": 22
        },
        "SticksBot.IsTraining.sum": {
            "value": 1.0,
            "min": 1.0,
            "max": 1.0,
            "count": 22
        }
    },
    "metadata": {
        "timer_format_version": "0.1.0",
        "start_time_seconds": "1779202671",
        "python_version": "3.10.12 | packaged by Anaconda, Inc. | (main, Jul  5 2023, 19:01:18) [MSC v.1916 64 bit (AMD64)]",
        "command_line_arguments": "C:\\Users\\mcsto\\anaconda3\\envs\\mlagents\\Scripts\\mlagents-learn sticks_min_15.yaml --run-id=SticksFiftMin(2)_1",
        "mlagents_version": "1.1.0",
        "mlagents_envs_version": "1.1.0",
        "communication_protocol_version": "1.5.0",
        "pytorch_version": "2.2.2+cu121",
        "numpy_version": "1.23.5",
        "end_time_seconds": "1779203552"
    },
    "total": 881.3256878000102,
    "count": 1,
    "self": 0.005009800079278648,
    "children": {
        "run_training.setup": {
            "total": 0.07320739998249337,
            "count": 1,
            "self": 0.07320739998249337
        },
        "TrainerController.start_learning": {
            "total": 881.2474705999484,
            "count": 1,
            "self": 3.3490158750209957,
            "children": {
                "TrainerController._reset_env": {
                    "total": 24.08703619998414,
                    "count": 7,
                    "self": 24.08703619998414
                },
                "TrainerController.advance": {
                    "total": 853.766623524949,
                    "count": 337558,
                    "self": 3.1145889107719995,
                    "children": {
                        "env_step": {
                            "total": 684.0151640138356,
                            "count": 337558,
                            "self": 517.9749456955469,
                            "children": {
                                "SubprocessEnvManager._take_step": {
                                    "total": 163.79323701339308,
                                    "count": 337558,
                                    "self": 8.798870727070607,
                                    "children": {
                                        "TorchPolicy.evaluate": {
                                            "total": 154.99436628632247,
                                            "count": 337558,
                                            "self": 154.99436628632247
                                        }
                                    }
                                },
                                "workers": {
                                    "total": 2.2469813048955984,
                                    "count": 337558,
                                    "self": 0.0,
                                    "children": {
                                        "worker_root": {
                                            "total": 853.1482449100004,
                                            "count": 337558,
                                            "is_parallel": true,
                                            "self": 493.52578393148724,